{
  "score": -1000000000.0,
  "params": {
    "min_atr_pct": 0.1,
    "k_sl": 1.0,
    "k_tp1": 0.8,
    "k_tp2": 1.5,
    "k_tp3": 2.5,
    "p1": 0.4,
    "p2": 0.3,
    "p3": 0.2,
    "trail_act_pct": 0.5,
    "trail_dist_pct": 0.2,
    "timeframe": "15m",
    "ema_fast": 50,
    "ema_slow": 150,
    "capital": 10000.0,
    "risk_pct": 1.0,
    "fee": 0.1,
    "symbols": [
      "ETH/USDT"
    ]
  },
  "metrics": {
    "n_trades": 1,
    "gross_profit": 64.71524907390756,
    "gross_loss": 0,
    "net_profit": 64.71524907390756,
    "avg_trade_usdt": 64.71524907390756,
    "profit_factor": Infinity,
    "expectancy_usdt": 64.71524907390756,
    "expectancy_r": 0.6471524907390755,
    "max_drawdown_usdt": 0.0,
    "sharpe_like": 0.0,
    "r_multiple_avg": 0.6471524907390755,
    "win_rate_%": 100.0
  }
}