{
  "score": 35.654819,
  "params": {
    "min_atr_pct": 0.12,
    "k_sl": 1.2,
    "k_tp1": 1.2,
    "k_tp2": 2.5,
    "k_tp3": 4.0,
    "p1": 0.3,
    "p2": 0.3,
    "p3": 0.2,
    "trail_act_pct": 1.0,
    "trail_dist_pct": 0.3,
    "timeframe": "15m",
    "ema_fast": 50,
    "ema_slow": 150,
    "capital": 10000.0,
    "risk_pct": 1.0,
    "fee": 0.1,
    "symbols": [
      "ETH/USDT",
      "SOL/USDT",
      "BNB/USDT",
      "LINK/USDT"
    ]
  },
  "metrics": {
    "n_trades": 5,
    "gross_profit": 401.65006531837923,
    "gross_loss": 282.82613504301776,
    "net_profit": 118.82393027536148,
    "avg_trade_usdt": 23.76478605507229,
    "profit_factor": 1.420130658212645,
    "expectancy_usdt": 23.76478605507229,
    "expectancy_r": 0.23764786055072293,
    "max_drawdown_usdt": 162.35831530272492,
    "sharpe_like": 0.38284552741499256,
    "r_multiple_avg": 0.23764786055072293,
    "win_rate_%": 60.0
  }
}